Miner ID,Block Depth,Transaction ID,Redaction Profit,Performance Time (ms),Blockchain Length,# of Tx
0,0
2,2,51954631134,0.0029628894179247723,46.87976837158203,7,1662
0,1,71761217004,0.0010029050841847851,47.188758850097656,1,1726
0,2,58442734089,0.05041630154793981,47.07765579223633,3,1713
0,1,38538248722,0.010696271728946667,47.1804141998291,3,1696
0,1,97523504123,0.0057352261570033135,46.74267768859863,3,1694
0,1,24327521205,0.02987910732747125,46.79727554321289,3,1694
0,3,26684786224,0.022071553705667355,46.46635055541992,3,1598
2,2,99512905193,0.0872647198904581,47.251224517822266,3,1714
2,3,25059682444,0.028090263083635755,46.85616493225098,3,1599
2,2,25139610014,0.06287944738406397,46.69332504272461,3,1712
2,2,81509571372,0.020193258241717037,62.44468688964844,3,1711
2,1,83883283606,0.03789305695050253,46.753883361816406,3,1695
0,1,29067659422,0.020921998347972467,46.796321868896484,2,1655
0,2,57097481973,0.003166654072462531,46.58675193786621,2,1707
0,1,34864818553,0.044052167476136814,46.90361022949219,2,1653
0,2,25893435537,0.019934494003637355,46.86617851257324,2,1706
0,2,93717674242,0.008628827690837452,46.78750038146973,2,1706
2,1,96824232118,0.08367150416018386,47.191619873046875,2,1655
2,1,20788302931,0.016441084891499667,47.249794006347656,2,1654
2,1,84731639679,0.021530351087787142,46.76222801208496,2,1652
2,1,62152703592,0.023677662860162187,46.78964614868164,2,1651
2,1,12478782048,0.0040648778213440255,47.10507392883301,2,1651
0,2,99249022099,0.08347309991189579,47.249555587768555,3,1653
0,1,70210996192,0.015599727023583546,46.842098236083984,3,1655
0,1,79550076476,0.01540246864896821,47.003746032714844,3,1654
0,2,20302093851,0.14695243361574595,47.08743095397949,3,1653
0,3,22802845972,0.04894329090526096,47.05691337585449,3,1662
2,1,73391897938,0.11521648502308364,46.82779312133789,3,1656
2,2,8297684778,0.061934894292908244,46.55194282531738,3,1653
2,2,26078279720,0.008544784623432555,47.272682189941406,3,1653
2,3,49603006845,0.0054299824528846186,46.668052673339844,3,1664
2,3,36283769290,0.04006405839693461,46.75745964050293,3,1663
0,1,13718348841,0.027947828950277708,46.87333106994629,5,1720
0,2,3626513270,0.04290299948686433,46.8902587890625,5,1650
0,4,84354434355,0.0004760936249469224,47.3942756652832,5,1657
0,1,97409117355,0.012351287373307308,46.871185302734375,5,1719
0,2,28557339959,0.0056966810912008935,46.61989212036133,5,1650
0,3,23692792909,0.018000340839906197,47.52993583679199,5,1706
2,5,17591715234,0.037631470869296454,46.72670364379883,5,1729
2,4,45374885829,0.03837156422801838,46.87047004699707,5,1657
2,1,25243125920,0.02941566894478791,46.707868576049805,5,1719
2,3,19344541086,0.029437579255231418,62.28756904602051,5,1706
0,5,38673707668,0.009556159823447614,47.03927040100098,5,1685
0,1,57096320507,0.03999271962427275,47.20020294189453,5,1707
0,2,80681355072,0.012887847258717713,46.76985740661621,5,1730
0,3,55289945692,0.0017971779040787084,46.75436019897461,5,1645
0,5,13005791876,0.008636048253300345,46.75698280334473,5,1685
0,3,3774631648,0.008969980045251442,46.4627742767334,5,1643
2,3,9698406295,0.004457106774072175,46.96011543273926,5,1644
2,4,1149242796,0.011889515331524726,46.692848205566406,5,1667
2,5,32467887400,0.013966436141405438,47.14345932006836,5,1685
2,2,55751534254,0.005870156515759451,46.83518409729004,5,1729
0,2,64864574314,0.006981757575906889,47.03712463378906,3,1694
0,1,51799430834,0.02757775112163774,46.6916561126709,3,1635
0,3,46960242033,0.02332747033960128,46.91433906555176,3,1699
2,2,75220562311,0.03350265900788415,47.252655029296875,3,1695
2,2,97642313302,0.022377954318053377,46.95320129394531,3,1694
2,3,86954101744,0.053305540954079265,46.698570251464844,3,1702
2,2,67949537896,0.041963625010430966,46.89216613769531,3,1694
2,3,28873384321,0.004603296130742329,46.98777198791504,3,1701
2,3,75105846631,0.0847613662089345,46.730995178222656,3,1700
2,1,49557109222,0.03762644181997643,53.79438400268555,3,1634
0,4,21261597239,0.03576270520803498,46.69308662414551,6,1697
0,6,31476294063,0.042464007557428705,47.101736068725586,6,1659
0,5,88403963395,8.463917377365004e-05,46.73123359680176,6,1656
0,3,41114754755,0.004413803988702878,46.3261604309082,6,1685
2,1,49219728813,0.0007599890291714811,47.257184982299805,6,1626
2,3,93914591787,0.08075758884153107,46.999216079711914,6,1685
2,4,3510502001,0.055052181108716486,47.148704528808594,6,1696
2,1,50311207542,0.01964444742090815,46.60987854003906,6,1626
2,2,50108342627,0.03041126036337463,46.735525131225586,6,1705
2,4,13047239767,0.010443027060058365,47.0738410949707,6,1696
0,2,84312446378,0.09180264996483209,47.64246940612793,3,1663
0,3,89936598161,0.016942201114767984,58.41469764709473,3,1672
0,2,83557855446,0.081151471593806,47.007083892822266,3,1662
2,1,3225733921,0.01583297818041282,47.179460525512695,3,1754
2,3,738470294,0.0007176925133593899,46.77081108093262,3,1673
2,2,47505483078,0.018698490141037048,46.5846061706543,3,1665
2,2,89551373444,0.02128373586098542,47.252655029296875,3,1664
2,3,90352956436,0.0102485999982587,46.94175720214844,3,1672
2,1,25461076959,0.001081950380177099,46.98061943054199,3,1753
2,1,33430185197,0.08673033282622494,46.78058624267578,3,1752
0,1,97102542633,0.016154209374014215,47.573089599609375,1,1635
0,1,31173783344,0.04422047106618003,46.6461181640625,1,1634
0,1,61785766893,0.054368189984324695,46.50068283081055,1,1633
0,1,55367984391,0.002759718099485019,47.2712516784668,1,1632
0,1,49394201131,0.0062992451152095105,46.41580581665039,1,1632
0,1,54093468621,0.0030449649662223936,49.631595611572266,1,1632
2,1,59880350726,0.019165581179219227,46.71978950500488,1,1635
2,1,77269027666,0.02925227874542639,58.68935585021973,1,1633
2,1,91749013695,0.005714728719046268,51.70083045959473,1,1632
2,1,22154332218,0.04298880540201937,46.49519920349121,1,1632
0,2,80525497584,0.020154785176394942,46.86284065246582,2,1726
0,2,31434458918,0.05449076452509554,46.99397087097168,2,1725
0,1,25137518835,0.005786024543161892,46.56696319580078,2,1663
0,1,8356809853,0.010582771835313714,46.6310977935791,2,1663
0,2,51893583241,0.009886518632494063,47.33157157897949,2,1724
0,1,69202618936,0.0218112252879628,47.009944915771484,2,1662
2,2,8270137667,0.025331006853105246,47.22738265991211,2,1725
2,1,5360634089,9.897354350669075e-05,46.85068130493164,2,1663
2,2,29664844877,0.006844756147934988,46.913862228393555,2,1724
2,1,95082924214,0.05996703182066484,46.81563377380371,2,1662
0,9,16982205239,0.07104252034348929,46.901702880859375,11,1688
0,6,49659437011,0.015215619970968524,47.4700927734375,11,1662
0,6,84228820195,0.03605896139158507,46.751976013183594,11,1662
2,10,6135050800,0.018353596366948735,47.250986099243164,11,1681
2,7,97465303849,0.026827633926457876,47.12629318237305,11,1677
2,9,23189059799,0.030751269091841397,46.65541648864746,11,1689
2,3,94541994772,0.0019440444177279354,46.42462730407715,11,1741
2,2,72998654988,0.00824102001737927,46.872854232788086,11,1654
2,8,82613364653,0.006209539254033351,46.63801193237305,11,1657
2,7,73546249030,0.00938763145963496,46.84805870056152,11,1676
0,5,70406242579,0.003449783115672778,47.150611877441406,5,1737
0,3,4430561795,0.0033574441082245307,46.82421684265137,5,1679
0,5,4092243910,0.04676364119754776,47.0731258392334,5,1736
0,4,64265427110,0.021940584256033395,46.49162292480469,5,1647
2,2,97857519505,0.008577794215808827,47.22118377685547,5,1713
2,1,15760826996,0.12406948600645125,46.67091369628906,5,1712
2,2,84657542356,0.010468472995197804,46.617984771728516,5,1712
2,2,60867538990,0.012241173245605984,47.196388244628906,5,1712
2,1,66205578214,0.15194016036375968,47.014713287353516,5,1712
2,1,98525633195,0.011332636978043958,46.96965217590332,5,1712
0,4,59324780521,0.016402794235943083,62.799930572509766,6,1637
0,1,34318570641,0.036069047932228225,46.7987060546875,6,1705
0,6,20475653369,0.09412562295858265,46.547651290893555,6,1678
0,3,45748380179,0.016674132945946944,47.020673751831055,6,1671
0,3,63611911881,0.004046398016952634,46.659231185913086,6,1670
0,4,25213648491,0.10488406313250172,46.82445526123047,6,1636
0,6,68535081181,0.032171957957068724,62.283992767333984,6,1678
2,2,9999868852,0.1508037481063683,46.74482345581055,6,1651
2,4,85693299783,0.0016257205039950531,47.319650650024414,6,1637
2,5,42291363289,0.04490909300854081,47.26552963256836,6,1642
0,2,39140599875,0.04265340782044662,47.11270332336426,3,1657
0,3,12907324703,0.028579001740965306,46.73147201538086,3,1711
0,1,36817426165,0.02812126708607115,47.078847885131836,3,1635
0,3,98652661451,0.008063842547450843,46.239614486694336,3,1710
0,1,45007172807,0.023022875971750453,46.88835144042969,3,1634
0,1,62461868284,0.01819280766418457,46.47564888000488,3,1633
2,3,30624899778,0.013912049771403399,47.13606834411621,3,1712
2,4,40098435230,0.0009741483802220868,47.26743698120117,8,1704
0,1,59636287575,0.07519598860893227,47.179460525512695,7,1654
0,7,64005678255,0.044232733723906306,47.24860191345215,8,1642
2,5,55856298421,0.03590674931369336,47.249794006347656,7,1603
0,1,16880601047,0.06194630089114324,47.25217819213867,6,1692
0,7,62607229702,0.006400272233266182,46.863555908203125,8,1691
0,4,66208303345,0.016161972668868804,47.04165458679199,7,1635
2,7,47561000397,0.054887791771032673,62.83998489379883,13,1719
0,10,49107029450,0.006772512341087711,47.19996452331543,10,1711
2,1,94151505176,0.0015136463315418112,63.12084197998047,5,1646
0,9,28957940886,0.010089715933949958,46.816110610961914,9,1631
0,8,34306338740,0.036146051944490505,47.17874526977539,9,1669
0,6,31533387209,0.009699936701630623,47.180891036987305,12,1683
0,3,20042833895,0.012678248976917281,47.13296890258789,8,1615
2,3,80987911108,0.015256461404281173,47.16992378234863,7,1686
0,10,52616764933,0.018963642266429333,46.87929153442383,13,1626
0,14,70609407419,0.01443148493106238,47.194719314575195,17,1695
2,4,97826218972,0.03037849689989041,56.05196952819824,16,1716
0,29,42381394837,0.03186546952440735,62.68620491027832,34,1670
0,20,7878778515,0.03574939374267254,46.6005802154541,34,1717
0,18,52157214696,0.038633634060781824,46.8904972076416,34,1628
0,16,10523104047,0.011190426102208157,47.125816345214844,34,1652
0,8,90307607198,0.017514304344511827,46.508073806762695,34,1677
2,4,63769957802,0.05280527953803753,47.345638275146484,34,1733
2,27,65501266424,0.022162718615969804,46.816110610961914,34,1731
2,19,63126713664,0.007178520745439001,46.86093330383301,34,1601
2,22,77244481490,0.07448282501622275,46.56720161437988,34,1626
2,7,25371017505,0.0008601016734345684,47.35422134399414,34,1757
0,13,53997339506,0.0034300829886379264,46.38791084289551,25,1604
0,25,42814664923,0.07206570002025127,47.29151725769043,25,1692
0,21,17385781847,0.01408509940912917,46.56577110290527,25,1636
0,17,97224045925,0.027605092228611225,46.866416931152344,25,1685
0,14,47608167849,0.06976635568584899,46.99826240539551,25,1642
2,15,7878247343,0.02684515527573212,47.27005958557129,25,1725
2,6,97221926560,0.006671779207775655,46.77844047546387,25,1706
2,24,30327253897,0.07310549302767481,47.04165458679199,25,1687
2,8,34697114309,0.04968269558373574,46.84019088745117,25,1620
2,22,25577925611,0.0030625243884974886,47.20807075500488,25,1665
0,14,5869899077,0.0294984625516594,47.21832275390625,29,1680
0,2,30438510955,0.001942700113311089,47.013282775878906,29,1638
0,15,83178314454,0.02987740898810479,46.88692092895508,29,1731
0,7,16783121988,0.061617057267984846,47.56760597229004,29,1698
0,23,78477427557,0.01227755222939286,45.84026336669922,29,1689
0,28,67820483908,0.014876129620890584,46.834468841552734,29,1643
0,23,85282053513,0.01743610505223081,46.98801040649414,29,1689
2,23,32609618130,0.0033930668691241226,47.04022407531738,29,1690
2,3,55770862111,0.006478583799439006,46.80609703063965,29,1703
2,13,607486909,0.10925750044534106,46.71812057495117,29,1766
0,4,69013019638,0.04872948847469848,46.68092727661133,31,1700
0,28,65283645533,0.024192205623213156,48.88510704040527,31,1668
0,16,3151484472,0.020969588146952454,47.25241661071777,31,1629
0,6,12542038609,0.014838996213804223,48.47121238708496,31,1683
2,5,66170557966,0.014942822908630655,36.898136138916016,31,1642
2,8,41118326065,0.01670950767716577,49.29542541503906,31,1648
2,12,97250375992,0.04954269478325364,44.862985610961914,31,1618
2,19,49666814064,0.00323630583207078,47.426462173461914,31,1739
2,4,92131397941,0.0278103189719136,51.31053924560547,31,1700
2,30,5939808300,0.09280884432150434,43.721914291381836,31,1616
0,16,83647867141,0.021318074031474527,47.132253646850586,30,1669
0,1,20161702679,0.09753301038642735,46.95010185241699,30,1684
0,15,22003887103,0.012713784804211932,46.41294479370117,30,1653
0,15,22253901449,0.005810962900605705,47.086238861083984,30,1653
0,23,63442675364,0.009246206452068325,47.16181755065918,30,1681
0,10,43384310338,0.01088886319456413,46.79536819458008,30,1550
2,4,70108313275,0.019426703221702254,47.156333923339844,30,1624
2,27,70657940950,0.016125300512768934,46.67067527770996,30,1724
2,16,43995314765,0.00024741950541838273,46.83065414428711,30,1668
2,24,92262012304,0.044659005742962006,46.91290855407715,30,1676
0,31,84838885609,0.047204626040642315,47.02949523925781,31,1661
0,27,76858600104,0.05283770570911396,46.96989059448242,31,1700
0,12,5179707891,0.04424586622980811,52.61635780334473,31,1667
0,13,44436958424,0.018027282190875116,46.75555229187012,31,1678
0,27,42578867066,0.003937426602070848,47.014713287353516,31,1699
0,7,43134126938,0.003905984332563506,46.984195709228516,31,1670
2,21,84300472427,0.00918867966810847,47.1796989440918,31,1658
2,5,99056995506,0.10904426390489991,46.77915573120117,31,1710
2,8,3852505605,0.012094427555687888,46.807289123535156,31,1628
2,8,65670698401,0.008736981995791412,47.85919189453125,31,1628
0,11,35636338441,0.010845528605735488,47.525882720947266,34,1682
0,32,40725475418,0.03066178483322708,46.51308059692383,34,1670
0,4,94514713508,0.01877017712607102,46.95320129394531,34,1658
0,22,2772481361,0.04705969400121603,46.3862419128418,34,1722
0,14,65551045900,0.02374967856534663,47.50871658325195,34,1708
0,8,92850437797,0.01673940106702485,62.3316764831543,34,1706
2,18,24309424242,0.09222554982159298,46.868324279785156,34,1659
2,5,47770043400,0.021167323536168334,46.67830467224121,34,1577
2,17,21915075706,0.06978617305353767,46.73433303833008,34,1671
2,34,33555135621,0.0774758806069959,47.20354080200195,34,1705
0,2,59171169075,0.0018680080655181716,47.18303680419922,43,1672
2,21,39239122722,0.008471921936524917,46.6458797454834,43,1673
2,1,13174263257,0.0725322471924473,47.12867736816406,43,1702
2,8,69979883161,0.021554733151741442,46.421051025390625,43,1676
2,8,16478183247,0.019619561123838603,62.792301177978516,43,1676
2,14,4617224643,0.0014617345449695056,46.988725662231445,43,1632
2,15,57651331677,0.0636223324943049,46.956777572631836,43,1735
2,9,6671064819,0.04335266902948982,46.74339294433594,43,1668
2,14,72103637776,0.005068362312396154,46.45943641662598,43,1632
2,16,69991061962,0.006662380348315692,47.58715629577637,43,1623
0,42,1109595071,0.04298487629110736,62.83259391784668,52,1651
0,51,79236280930,0.010248026496209936,46.98514938354492,52,1668
0,25,5459736447,0.008145427864335445,46.91314697265625,52,1610
0,37,11210289373,0.01005533489517912,46.71835899353027,52,1611
0,8,82105429152,0.0164352872972811,46.70524597167969,52,1677
0,30,58984217102,0.01048702138746203,46.45800590515137,52,1664
2,45,74569795272,0.018629693953743913,47.04165458679199,52,1709
2,30,6626720505,0.03365725795534013,46.833038330078125,52,1664
2,4,74546023463,0.015154761127207162,46.965837478637695,52,1610
2,45,69614379593,0.037147500159617326,47.324419021606445,52,1709
0,22,67501680606,0.00491190273346453,62.82973289489746,37,1652
0,3,13430655416,0.018283099411458104,46.59080505371094,37,1698
0,30,13043964900,0.00452641554347091,47.45340347290039,37,1644
0,24,13307791096,0.006274884615788786,46.66590690612793,37,1688
2,36,47436398081,0.004210589486097801,47.11151123046875,37,1632
2,24,94744025759,0.13725056614121245,46.67091369628906,37,1690
2,8,78456565709,0.003476047294844667,46.95582389831543,37,1617
2,24,8692342200,0.15109573485019087,62.393903732299805,37,1689
2,21,28176791190,0.07951555734701242,46.76389694213867,37,1672
2,33,55302322883,0.009409563627520838,46.96488380432129,37,1683
0,24,50719901034,0.024154863668069706,46.77295684814453,52,1667
0,43,3546741375,0.00858549181673822,46.9663143157959,52,1681
0,52,99752265097,0.031079237409033563,46.7376708984375,52,1691
0,15,25751847963,0.012114484158232628,47.06096649169922,52,1687
2,51,35692005394,0.008067092876730193,47.20449447631836,52,1675
2,10,73379417580,0.015569140276175689,47.07479476928711,52,1659
2,27,29248234654,0.07719581283435643,62.422752380371094,52,1631
2,5,61071312933,0.005186251365674203,46.89168930053711,52,1665
2,5,87662836923,0.012186360542502018,46.750783920288086,52,1665
2,4,96500366944,0.0835847185861523,46.854257583618164,52,1689
0,9,8455127018,0.025875568736390013,47.16968536376953,51,1621
0,3,52244402180,0.09357292671730986,46.85688018798828,51,1661
0,38,37849951044,0.03339212787566479,47.03211784362793,51,1697
0,2,41716558128,0.04136948743125329,46.292781829833984,51,1661
0,4,86366008130,0.03819332062247733,46.47207260131836,51,1713
0,23,47089560165,0.030634150667151375,47.031402587890625,51,1627
2,20,46012187631,0.09427264211466577,46.952009201049805,51,1696
2,7,22150486443,0.05464863774979805,47.20044136047363,51,1652
2,50,85235098112,0.0784365363245775,47.387123107910156,51,1690
2,15,94388968772,0.005985560074569066,46.74935340881348,51,1746
0,31,56290062537,0.027520864752274422,46.742916107177734,45,1715
0,34,30614023237,0.006918026956971042,47.002553939819336,45,1704
0,21,39489789257,0.0041532980731078155,46.78702354431152,45,1696
0,20,84528674500,0.030762231310921265,46.28300666809082,45,1669
0,42,34606499888,0.0014233593886518144,47.41048812866211,45,1659
0,3,85102544542,0.07717209375317441,62.252044677734375,45,1631
2,23,9356496996,0.017179832014560904,47.18446731567383,45,1763
2,12,50666701915,0.015231302881736053,47.11437225341797,45,1701
2,2,64804046964,0.02124728432112924,46.72384262084961,45,1685
2,40,20573540972,0.004386338607945603,47.063589096069336,45,1688
0,30,15287216324,0.039452700062421714,46.79131507873535,69,1700
0,68,75607268147,0.0038909606163254726,46.70286178588867,69,1719
0,20,66234405186,0.008387292663115897,46.90122604370117,69,1673
0,18,992447171,0.030177250717591333,46.827077865600586,69,1678
0,32,50003222365,0.012058856625269898,47.28531837463379,69,1734
0,16,6874489254,0.027869125704761803,46.87786102294922,69,1659
2,37,15215337452,0.053636937029840806,47.46556282043457,69,1642
2,58,47469473430,0.004886598072078553,46.46015167236328,69,1695
2,35,10964477076,0.08286275289331757,46.86903953552246,69,1655
2,2,19182388722,0.14567517320173679,46.93436622619629,69,1697
0,37,72981004109,0.0690909179459593,46.76532745361328,62,1669
0,4,8331622491,0.04524023597740571,46.7982292175293,62,1640
0,4,22448583704,0.001142299922177693,46.72503471374512,62,1639
2,8,61287971110,0.014167403690828482,47.33586311340332,62,1688
2,33,70524141893,0.045379875944942284,46.71788215637207,62,1714
2,52,56795138814,0.005644412316494068,53.35664749145508,62,1715
2,56,36882104813,0.08013926988152625,46.45848274230957,62,1719
2,44,28603240473,0.03526802153431164,47.41024971008301,62,1647
2,33,38329475956,0.004223812526358755,48.68268966674805,62,1713
2,46,90203047810,0.00025664805591993665,57.52682685852051,62,1639
0,28,55910988699,0.013725893643945847,46.887874603271484,61,1635
0,26,45043759700,0.12016444265799135,46.820878982543945,61,1683
0,20,92434727448,0.010249507335793495,46.5543270111084,61,1666
0,42,69447494376,0.019778954151909396,46.5703010559082,61,1692
2,22,3559712673,0.026670142779884002,47.17588424682617,61,1651
2,18,75147422501,0.06598441007643535,46.805620193481445,61,1772
2,17,86604077577,0.025903477227057988,47.46532440185547,61,1639
2,32,86457945445,0.025373963895087087,46.77581787109375,61,1739
2,58,86291996032,0.009555159156097079,46.73480987548828,61,1713
2,55,27299920058,0.029614774361297388,47.00636863708496,61,1704
0,53,40924792931,0.018109454777934558,46.956539154052734,69,1688
2,10,21301239933,0.004457686388001276,47.1644401550293,69,1714
2,35,99817476896,0.005010019695131407,47.101497650146484,69,1759
2,38,60187054002,0.03950696153294823,46.60940170288086,69,1751
2,47,17086077917,0.05448579544822184,46.83327674865723,69,1792
2,20,96402376187,0.013641035669678708,46.799659729003906,69,1756
2,63,22083610613,0.008299509018549502,47.16801643371582,69,1647
2,17,58686419969,0.06601731204303399,46.79369926452637,69,1654
2,15,37803662253,0.05147833132986662,46.74792289733887,69,1721
2,38,227009363,0.005446137707520437,46.45371437072754,69,1750
0,16,63479655649,0.045114762741959594,47.13606834411621,58,1666
0,9,17054653348,0.023362538590085646,47.08266258239746,58,1658
0,29,96404275916,0.0048690211829936405,69.84162330627441,58,1739
0,19,77251574206,0.006077883687569162,48.432111740112305,58,1645
0,29,50354336150,0.032524341413040204,50.65131187438965,58,1738
2,50,26316222544,0.07346453324449892,46.736717224121094,58,1692
2,5,46141673190,0.016207370337446462,49.65686798095703,58,1667
2,11,59942488947,0.019837025684302134,47.39022254943848,58,1672
2,49,26317564629,0.02496027235988726,48.035621643066406,58,1635
2,31,27715549356,0.013708362932183353,64.41187858581543,58,1689
0,32,81731344048,0.02367306229907739,47.52326011657715,78,1606
0,52,91037166062,0.03918938157544284,46.747684478759766,78,1754
0,41,31501819023,0.019540801128824184,46.87023162841797,78,1688
0,74,31801964616,0.017886876374492103,47.29938507080078,78,1671
0,2,41635764950,0.028158203850589834,47.13797569274902,78,1743
0,52,40447924777,0.012471939210846843,46.66566848754883,78,1754
0,5,23167472797,0.006432425772744464,46.35190963745117,78,1583
0,60,18776885574,0.054266576512764036,46.86331748962402,78,1699
2,78,44480212863,0.1772166048706612,46.79107666015625,78,1664
2,71,20405769292,0.015915551184491682,62.011003494262695,78,1651
0,69,10537933211,0.012087983271476007,46.97418212890625,71,1686
0,53,93989190665,0.01687860871524075,46.52523994445801,71,1658
0,62,31669441134,0.03931438116411798,46.63562774658203,71,1652
0,51,41231476058,0.11168306126528206,47.43385314941406,71,1631
0,32,60013548610,0.005237210911035849,46.76699638366699,71,1695
2,68,17267383189,0.06692530167567191,47.17898368835449,71,1693
2,22,79605330676,0.04856159994504368,46.93341255187988,71,1672
2,10,76842640647,0.0027714654025523004,46.8595027923584,71,1670
2,8,93250677159,0.004279651736939937,46.63586616516113,71,1667
2,3,49128483622,0.0172907044951794,47.33395576477051,71,1692
0,32,38225966936,0.030963202959293768,47.1186637878418,98,1641
0,84,95086571468,0.1112297733643071,46.75698280334473,98,1642
2,31,6997591982,0.02061319508098209,47.21975326538086,98,1733
2,71,68373958102,0.02840635440680884,46.68474197387695,98,1650
2,93,80791601933,0.05422708984124552,46.849727630615234,98,1706
2,14,9013830953,0.008506215325265683,46.87047004699707,98,1724
2,55,17741717691,0.01795870199783726,47.0578670501709,98,1703
2,2,44328701930,0.04839441070228786,46.78797721862793,98,1685
2,17,14086278191,0.006124864299421502,46.90098762512207,98,1699
2,69,15977523585,0.022037610614904928,46.68140411376953,98,1683
0,70,21785963602,0.027661301233944797,47.1651554107666,76,1674
0,42,57690256249,0.021075741607233883,46.75793647766113,76,1654
0,16,83251914823,0.026148547242126383,46.9970703125,76,1675
0,15,68313350969,0.053264880287187295,46.828269958496094,76,1635
0,16,19405237153,0.04084134019419358,47.18208312988281,76,1674
0,37,48514409879,0.028348844851729577,62.19291687011719,76,1655
2,43,17796615846,0.04174072547163719,47.0888614654541,76,1799
2,36,8277951833,0.01444328731099687,46.27370834350586,76,1674
2,59,79867283270,0.003697224761319444,46.886444091796875,76,1637
2,6,85130319165,0.020703809422056792,47.07622528076172,76,1673
0,58,14536663750,0.017546998235876483,46.79059982299805,84,1652
0,76,33076720168,0.049475778091835176,46.97918891906738,84,1718
0,18,40723937792,0.059037517620190556,46.9210147857666,84,1697
0,73,56622522675,0.0413279543857942,62.285423278808594,84,1732
2,57,48291875109,0.024117852211472206,47.03950881958008,84,1688
2,27,71392284286,0.04281819631278736,47.16324806213379,84,1702
2,27,16344127479,0.01758017196077711,46.80013656616211,84,1702
2,24,12395860619,0.05235709866056932,46.68140411376953,84,1652
2,6,91984724403,7.781208742026472e-05,46.556949615478516,84,1722
2,53,65689964363,0.008162150851314614,47.32680320739746,84,1638
0,64,66261922792,0.03823971375456367,46.83208465576172,93,1705
0,44,42653072381,0.02828480607198917,46.900272369384766,93,1677
0,58,29068162086,0.0049138040355315915,46.894073486328125,93,1670
0,38,96050683537,0.009870688378707125,46.86117172241211,93,1690
0,22,83515640182,0.02723175854620159,46.86379432678223,93,1665
2,10,50376675455,0.0949499422731177,46.871185302734375,93,1672
2,64,89035323661,0.02217990846123793,46.859025955200195,93,1705
2,90,33393111511,0.09293207458870224,46.79536819458008,93,1699
2,20,36238913045,0.026966300064813264,46.86594009399414,93,1699
2,81,52202684059,0.09611366430903391,46.86450958251953,93,1717
0,21,47354805237,0.006719518017151938,46.82636260986328,82,1609
0,36,87231597535,0.0073065370530985135,45.295000076293945,82,1699
2,49,37761337377,0.005708777152454945,35.42375564575195,82,1649
2,76,53211603572,0.027851930030972877,46.511173248291016,82,1600
2,12,37518915403,0.010360640210060296,45.8836555480957,82,1693
2,58,53651980628,0.057274297064946335,46.286821365356445,82,1694
2,33,15093193725,0.07001191875312619,47.16634750366211,82,1649
2,18,2131959544,0.01347195400618667,45.77040672302246,82,1714
2,58,34640412582,0.02116295927248908,47.104597091674805,82,1693
2,30,57726304915,0.01413819937149906,47.406911849975586,82,1697
0,77,74079941473,0.002946517909386969,47.179222106933594,85,1679
0,47,73807753800,0.011824400985412407,46.84901237487793,85,1647
0,82,64139365394,0.04880955163439449,46.4937686920166,85,1642
0,18,50456212794,0.0004327126931290705,47.457218170166016,85,1663
0,3,33952971442,0.014102655556177608,46.724557876586914,85,1691
0,45,65162874967,0.007811324761678948,47.05810546875,85,1671
2,36,99404779637,0.024085999299606527,47.26672172546387,85,1698
2,58,83933130160,0.027630575896904437,46.50998115539551,85,1655
2,49,29380248155,0.07780304707765005,46.66018486022949,85,1689
2,47,10391895623,0.07567075400893473,47.03187942504883,85,1647
0,95,74769932788,0.014832411061237631,47.03545570373535,100,1672
0,57,5123853512,0.07261433408135735,46.74673080444336,100,1675
0,33,46465469686,0.019672678676650252,46.846628189086914,100,1703
0,5,33010709978,0.04116977026197036,46.71931266784668,100,1711
0,34,13109762853,0.00622331898149529,46.55885696411133,100,1624
2,85,92429406525,0.01203324938382496,47.20425605773926,100,1655
2,84,24726043978,0.0038297437763060572,46.69976234436035,100,1684
2,95,6511308901,0.03394012397821544,47.21426963806152,100,1672
2,6,44241327292,0.015477305837522042,46.77891731262207,100,1652
2,75,53707429099,0.040124791613781366,46.98801040649414,100,1711
0,90,10512298988,0.03510995988041173,47.19805717468262,100,1748
0,5,25490057463,0.00033347384017252415,47.213077545166016,100,1600
0,8,67289913401,0.02038896033187873,46.76318168640137,100,1708
2,51,74888841749,0.012935587171540766,46.810150146484375,100,1682
2,34,69492687430,0.02724007719904507,46.7228889465332,100,1707
2,34,25851911758,0.0051210716399117985,46.973466873168945,100,1706
2,58,92834452187,0.006828024617570787,46.86594009399414,100,1605
2,55,17689379866,0.024935536910213944,46.70524597167969,100,1729
2,2,72743460832,0.002174055357231653,46.45204544067383,100,1651
2,47,5779428910,0.007738130405332004,47.267913818359375,100,1586
0,63,79303297978,0.023168442961721148,46.7991828918457,89,1645
0,18,36124724431,0.004674153991098022,46.90361022949219,89,1646
0,63,19596051060,0.006046163964755188,46.76985740661621,89,1644
0,51,33713303077,0.045190099394997116,46.80800437927246,89,1713
2,27,95746629279,0.026541787944874988,47.28078842163086,89,1694
2,52,9210498812,0.02512304178460616,47.025442123413086,89,1655
2,87,26969824894,0.007579944059430058,46.78845405578613,89,1788
2,37,655724732,0.009554747438510576,46.581268310546875,89,1670
2,34,59928841339,0.07251028921752994,47.226905822753906,89,1743
2,76,37122694627,0.06292443465227729,46.93198204040527,89,1730
0,14,28923545951,0.05088606506715956,40.56811332702637,118,1675
0,71,5176343274,0.0003442103429817758,46.88882827758789,118,1611
0,92,30906408636,0.03716114535114266,47.05691337585449,118,1667
0,31,31242777597,0.0037812694078568436,46.69523239135742,118,1732
0,21,91504894462,0.01799585520635127,46.982765197753906,118,1733
0,35,33780121318,0.019912855955835976,46.40555381774902,118,1639
2,76,96694332864,0.0801354940342087,47.02425003051758,118,1610
2,96,48549630066,0.027062190008937066,46.692609786987305,118,1659
2,43,74536531357,0.022635281281720918,46.920061111450195,118,1694
2,52,93975451612,0.0752026268536072,46.761512756347656,118,1654
0,7,94585371651,0.025308167043754763,47.176361083984375,19,1709
0,10,92248650564,0.0035126113202490093,47.200679779052734,30,1613
0,5,58782679600,0.004006599642685637,46.8754768371582,21,1690
0,23,42027921112,0.026176755983920826,47.16372489929199,24,1688
2,5,7524853530,0.008303907461570845,47.22404479980469,27,1631
0,6,41174741351,0.00609069504170223,47.22309112548828,23,1692
0,14,629756752,0.0021143172924471903,47.17874526977539,22,1724
2,14,96092449340,0.02041507318423876,47.54137992858887,32,1684
0,13,36704897694,0.011296827500537648,47.27339744567871,34,1652
0,16,62346247419,0.003669310172718314,47.19376564025879,23,1661
0,11,94740994365,0.015098222320577092,47.15156555175781,30,1730
2,5,342862302,0.01591952001247833,47.30081558227539,27,1639
0,2,82251472249,0.017517412113446398,46.86999320983887,28,1725
2,4,16773240755,0.030349503130866103,47.19996452331543,28,1733
0,19,4697279576,0.0008235202610279005,62.871694564819336,29,1661
0,25,57723289010,0.009445424599911219,47.26219177246094,27,1691
2,17,78002440660,0.022834881270570925,47.20497131347656,25,1630
0,22,66879305084,0.04430337731725715,47.25050926208496,24,1668
0,7,86403615382,0.010108740265106537,47.15895652770996,28,1744
2,30,64829865621,0.0070141385549624515,62.96348571777344,30,1635
2,5,44471482939,0.001856743777931925,47.38569259643555,37,1685
0,5,6015736154,0.016301115037621154,47.23310470581055,25,1658
0,16,37179001365,0.06544032230020769,47.21713066101074,19,1654
0,29,67716920616,0.004220682480805241,47.21951484680176,38,1697
2,16,98184960825,0.07862214836479943,47.179460525512695,36,1718
0,11,66212189765,0.03467055926212176,43.09415817260742,26,1684
0,12,49662486970,0.021771955273200534,51.276206970214844,36,1696
2,15,78938374161,0.04568099102604779,37.897348403930664,33,1739
2,9,22505867810,0.0567326602926806,42.49691963195801,29,1710
2,7,41267064556,0.009586336634091835,47.15371131896973,37,1678
0,4,77283882879,0.010289024790264618,47.55568504333496,35,1716
0,23,17081879969,0.03224564127833559,62.88313865661621,31,1630
0,2,80941708498,0.03240030732612936,46.863555908203125,28,1659
2,26,55502353371,0.008654592393718637,47.496795654296875,28,1675
2,8,98394497027,0.07847820973001196,47.389984130859375,27,1656
2,12,4265085469,0.03874345485154103,47.17850685119629,31,1650
0,1,59298925103,0.03414120767060488,47.50347137451172,30,1682
0,20,50488954927,0.02394819630717855,46.86689376831055,32,1705
0,24,6573738828,0.0071991930059925775,47.178030014038086,28,1667
2,13,63160147826,0.0011296696053055854,47.25050926208496,24,1679
0,28,10961425645,0.025558438088239082,47.27005958557129,37,1672
2,11,72756135058,0.034233516576756655,62.906742095947266,28,1704
0,8,40649276769,0.056129509113708405,46.792030334472656,22,1689
2,19,46992491404,0.025687529624552997,47.1949577331543,38,1666
0,7,19404989619,0.015275424525375988,47.209739685058594,44,1686
2,32,8242287439,0.029477848402227915,47.06430435180664,39,1669
2,5,44338306541,0.005270980550467899,47.257423400878906,33,1694
0,26,71623972760,0.004729223787897833,62.51716613769531,39,1606
2,13,34063394834,0.020310091503053292,47.15275764465332,31,1615
0,22,86276705668,0.04189802853067993,47.17540740966797,42,1712
0,18,56050520106,0.05877548235377324,47.194719314575195,33,1703
0,29,52568646686,0.024153952015602803,47.20044136047363,37,1668
0,2,99535815134,0.0037663601477785037,47.61338233947754,32,1653
0,35,69860405702,0.00362157686881445,47.174930572509766,37,1645
0,16,78867165741,0.012674705222748927,47.2559928894043,43,1603
0,30,3360982313,0.02343103157313578,47.18017578125,37,1699
0,29,76436048870,0.03078044986302423,47.18303680419922,41,1698
0,22,44652545892,0.004550939890205808,47.2567081451416,48,1701
0,34,83013491475,0.00457085172534361,47.22189903259277,36,1670
0,17,32456249485,0.11197164166817097,46.82660102844238,33,1682
0,29,43184787587,0.03911221645353861,51.158905029296875,32,1767
2,41,11402100629,0.030216960660511733,47.57952690124512,44,1681
0,37,86749360061,0.02648310545157433,47.25766181945801,44,1692
0,6,56052634882,0.011954468428247806,47.20306396484375,40,1730
2,43,51956201764,0.019255834198680082,47.87611961364746,62,1671
0,9,2893627648,0.003136438266080573,35.62808036804199,48,1633
0,49,98587573437,0.0034952046188857166,36.705732345581055,49,1645
0,14,33737744662,0.002077163741967411,52.0327091217041,37,1705
2,9,72111707999,0.037186694706640926,47.29127883911133,38,1647
2,2,10065255909,0.02569924605614323,47.72782325744629,49,1683
2,13,94206814304,0.19137934724869468,40.584564208984375,42,1701
0,24,38451917276,0.06255212896964958,35.121917724609375,46,1701
0,47,64379456835,0.011237855547504725,37.19973564147949,47,1641
2,8,45561340684,0.043145722131820545,34.296512603759766,38,1634
2,10,96039998243,0.0042185621902472775,35.956621170043945,42,1675
2,37,84762180800,0.0028838820710536776,36.6363525390625,37,1705
0,53,26038467321,0.027124320230265973,35.45236587524414,55,1662
2,6,48369518493,0.027917778620993254,44.12198066711426,48,1616
0,14,97938274217,0.0023673374638136196,33.9818000793457,48,1681
0,8,52127361856,0.012068631015623842,48.493385314941406,40,1660
2,46,22389845502,0.008448917550354183,62.50357627868652,48,1645
2,3,43673562524,3.460355401761492e-05,39.907217025756836,48,1750
0,33,18159475640,0.0651406056722511,46.862125396728516,49,1678
2,28,44793352571,0.07067755163545163,48.807621002197266,38,1686
0,30,72540376410,0.011551712944090138,37.29057312011719,55,1687
0,17,28912934714,0.017804674152320697,33.347368240356445,55,1690
0,7,83813535775,0.03189799103630673,38.19108009338379,52,1653
0,6,92418503342,0.0196188471613975,42.22679138183594,37,1635
0,4,54365295899,0.0046510623422687655,48.30145835876465,44,1690
0,27,89892033684,0.04390961925816341,52.698612213134766,38,1727
0,33,16421381552,0.04698426622974146,46.20957374572754,48,1683
0,26,82181097929,0.022448193888950814,41.14103317260742,38,1609
2,4,3280577455,0.08090335056748967,47.25313186645508,57,1729
0,43,57806532911,0.03929927625441626,48.05898666381836,52,1581
0,13,41230822090,0.0035941322768869156,39.446115493774414,54,1690
2,16,51916711528,0.045600722427250155,42.14739799499512,39,1626
2,43,40555580842,0.0044210618310801236,43.05839538574219,55,1727
2,40,77354049633,0.0051934498506731605,43.04385185241699,55,1583
0,18,91671879991,0.0031952347184542322,38.184165954589844,44,1707
2,21,47412013623,0.01863896465882957,37.268877029418945,32,1720
2,3,21438347784,0.08020700577376452,38.95282745361328,4,1681
